date,2年債,5年債,10年債,20年債,30年債,40年債,変動利付債,物価連動債
2014-05-09,179906.0,458350.0,593394.0,265752.0,26236.0,8473.0,40968.0,12564.0
2014-05-20,174129.0,464561.0,602616.0,266283.0,29230.0,8494.0,40968.0,12564.0
2014-05-30,178589.0,471169.0,610505.0,269251.0,29480.0,8870.0,40968.0,12765.0
2014-06-10,183190.0,480140.0,621073.0,270503.0,29502.0,10629.0,40968.0,12675.0
2014-06-20,170645.0,454818.0,622384.0,271151.0,30146.0,10843.0,42378.0,12675.0
2014-06-30,175129.0,460203.0,634542.0,272153.0,30248.0,11043.0,42378.0,12675.0
2014-07-10,180965.0,469199.0,643628.0,274064.0,31177.0,11043.0,42378.0,12675.0
2014-07-18,176939.0,472217.0,648683.0,274977.0,31479.0,11194.0,42378.0,12675.0
2014-07-31,181959.0,476233.0,661646.0,276922.0,31979.0,11402.0,42378.0,12875.0
2014-08-08,188319.0,479736.0,670777.0,279963.0,32758.0,11632.0,42378.0,12875.0
2014-08-20,189744.0,484121.0,679285.0,281336.0,33103.0,11709.0,42378.0,12875.0
2014-08-29,195747.0,487979.0,686707.0,283808.0,33926.0,11769.0,42378.0,12875.0
2014-09-10,201748.0,497661.0,694964.0,284923.0,34296.0,11769.0,43784.0,12875.0
2014-09-19,194364.0,497661.0,698903.0,285987.0,34464.0,11920.0,43784.0,12875.0
2014-09-30,201728.0,492494.0,687251.0,283603.0,35069.0,12237.0,43784.0,13076.0
2014-10-10,204328.0,498254.0,693855.0,288780.0,35187.0,12422.0,43784.0,13076.0
2014-10-20,200506.0,500713.0,704259.0,290165.0,36067.0,12834.0,43784.0,13076.0
2014-10-31,211945.0,510330.0,717628.0,292811.0,36804.0,12834.0,45184.0,13076.0
2014-11-10,220116.0,522874.0,722925.0,295211.0,38005.0,12834.0,45184.0,13076.0
2014-11-20,215716.0,534259.0,736330.0,299241.0,41594.0,12986.0,45184.0,13076.0
2014-11-28,218402.0,554368.0,740658.0,300877.0,43339.0,13615.0,45184.0,13277.0
2014-12-10,223072.0,559348.0,753095.0,306814.0,47504.0,15579.0,45184.0,12842.0
2014-12-19,224030.0,568998.0,758620.0,308864.0,49471.0,15630.0,45184.0,12842.0
2014-12-30,230729.0,553090.0,751923.0,311756.0,53772.0,16580.0,46584.0,12842.0
2015-01-09,238191.0,562257.0,760979.0,313775.0,55602.0,16581.0,46584.0,12842.0
2015-01-20,236042.0,570838.0,766052.0,318417.0,58613.0,16698.0,46584.0,12842.0
2015-01-30,243438.0,579315.0,778101.0,323205.0,60909.0,17323.0,46584.0,13043.0
2015-02-10,255295.0,592016.0,786253.0,328022.0,63597.0,17449.0,46584.0,13043.0
2015-02-20,242639.0,596758.0,798816.0,330361.0,64944.0,17573.0,46584.0,13043.0
2015-02-27,249910.0,605347.0,802971.0,334881.0,67084.0,18525.0,47984.0,13043.0
2015-03-10,254481.0,620860.0,813195.0,339891.0,68805.0,19624.0,47984.0,13043.0
2015-03-20,245060.0,584141.0,798589.0,341141.0,69672.0,20247.0,47984.0,13043.0
2015-03-31,250559.0,596953.0,811515.0,345593.0,72627.0,20740.0,47984.0,13043.0
2015-04-10,255687.0,604616.0,822449.0,350303.0,74395.0,21883.0,47984.0,13244.0
2015-04-20,254275.0,612212.0,836357.0,353358.0,75551.0,22130.0,47984.0,13244.0
2015-04-30,259196.0,620247.0,849414.0,358692.0,78010.0,22985.0,49387.0,13244.0
2015-05-08,262673.0,624565.0,849797.0,358730.0,78010.0,22985.0,49387.0,13244.0
2015-05-20,262464.0,630477.0,861891.0,368530.0,81589.0,24125.0,49387.0,13444.0
2015-05-29,269483.0,635412.0,870724.0,374785.0,84886.0,24431.0,49387.0,13444.0
2015-06-10,277949.0,647273.0,882118.0,379568.0,87156.0,25006.0,49387.0,12877.0
2015-06-19,277128.0,652647.0,886159.0,382559.0,88562.0,25006.0,49387.0,12877.0
2015-06-30,288231.0,626425.0,882150.0,387757.0,90349.0,26056.0,49321.0,12877.0
2015-07-10,295921.0,634973.0,894306.0,390496.0,91735.0,26081.0,50723.0,12877.0
2015-07-17,289324.0,634973.0,898255.0,392930.0,93166.0,26081.0,50723.0,12877.0
2015-07-31,299472.0,647557.0,908084.0,400043.0,97184.0,26541.0,50723.0,13078.0
2015-08-10,304170.0,659532.0,915764.0,402713.0,98582.0,26670.0,50723.0,13078.0
2015-08-20,300391.0,672441.0,923786.0,405339.0,100045.0,26700.0,50723.0,13078.0
2015-08-31,307672.0,681166.0,931154.0,410792.0,102743.0,26809.0,50723.0,13078.0
2015-09-10,319269.0,693884.0,943261.0,415922.0,104907.0,27459.0,52123.0,12834.0
2015-09-18,313704.0,698174.0,946966.0,418511.0,106165.0,27801.0,52123.0,12834.0
2015-09-30,321595.0,690961.0,946698.0,418245.0,108955.0,27819.0,51413.0,13035.0
2015-10-09,329688.0,699495.0,950740.0,423033.0,111578.0,28091.0,51413.0,13035.0
2015-10-20,319983.0,708150.0,954905.0,427786.0,114392.0,28142.0,51413.0,13035.0
2015-10-30,327161.0,716984.0,966756.0,432678.0,117191.0,28243.0,52614.0,13035.0
2015-11-10,335087.0,725779.0,974672.0,434970.0,118355.0,28702.0,52614.0,13035.0
2015-11-20,329870.0,738877.0,986862.0,439500.0,120181.0,30072.0,52614.0,13235.0
2015-11-30,332585.0,743152.0,994694.0,441967.0,121728.0,30072.0,52614.0,13235.0
2015-12-10,338275.0,751604.0,998662.0,446899.0,124958.0,30153.0,52614.0,12536.0
2015-12-18,323864.0,759555.0,1012121.0,451971.0,127797.0,30357.0,52614.0,12536.0
2015-12-30,330858.0,744765.0,1002332.0,456457.0,130926.0,30432.0,52812.0,12536.0
2016-01-08,338336.0,752481.0,1011390.0,459173.0,132612.0,30625.0,52812.0,12536.0
2016-01-20,329486.0,760838.0,1025078.0,464107.0,136140.0,31165.0,52812.0,12536.0
2016-01-29,337995.0,775412.0,1035579.0,469330.0,139792.0,31165.0,52812.0,12937.0
2016-02-10,343705.0,786138.0,1044420.0,472562.0,141811.0,31165.0,52812.0,12937.0
2016-02-19,331095.0,791004.0,1053039.0,478129.0,145637.0,31312.0,52812.0,12937.0
2016-02-29,335296.0,801808.0,1058340.0,481171.0,146573.0,32344.0,52812.0,12937.0
2016-03-10,337488.0,813390.0,1069243.0,487529.0,149897.0,32918.0,54012.0,12596.0
2016-03-18,329389.0,822299.0,1083137.0,490971.0,151677.0,32954.0,54012.0,12596.0
2016-03-31,337349.0,793653.0,1078545.0,491473.0,154993.0,33361.0,52529.0,12996.0
2016-04-08,344770.0,806914.0,1088503.0,499139.0,158369.0,33424.0,52529.0,12996.0
2016-04-20,334118.0,816073.0,1097332.0,505244.0,161196.0,34271.0,53533.0,12996.0
2016-04-28,338282.0,827638.0,1105485.0,510454.0,164875.0,34346.0,53533.0,12996.0
2016-05-10,338490.0,827681.0,1105935.0,512733.0,166541.0,34406.0,53533.0,12996.0
2016-05-20,334912.0,841262.0,1120191.0,517648.0,169836.0,34606.0,53533.0,12996.0
2016-05-31,341596.0,849292.0,1129887.0,523332.0,172567.0,35331.0,53533.0,13601.0
2016-06-10,346796.0,857936.0,1143273.0,530009.0,175167.0,36093.0,53533.0,12302.0
2016-06-20,331642.0,843189.0,1135866.0,532117.0,176724.0,36097.0,52513.0,12302.0
2016-06-30,337616.0,852940.0,1149058.0,535004.0,178030.0,36613.0,53513.0,12555.0
2016-07-08,347690.0,866683.0,1158225.0,539208.0,180496.0,37294.0,53513.0,12806.0
2016-07-20,330208.0,876120.0,1163191.0,543267.0,182817.0,37381.0,53513.0,12806.0
2016-07-29,336589.0,885685.0,1176047.0,547628.0,184668.0,38004.0,53513.0,13058.0
2016-08-10,343261.0,895870.0,1184871.0,549667.0,184915.0,38961.0,53513.0,13308.0
2016-08-19,324985.0,900133.0,1193436.0,553385.0,187352.0,39609.0,54519.0,13308.0
2016-08-31,335130.0,914916.0,1202342.0,557337.0,189782.0,39735.0,54519.0,13559.0
2016-09-09,337546.0,919576.0,1211876.0,559439.0,190962.0,39868.0,54519.0,13559.0
2016-09-20,327669.0,904660.0,1195366.0,557651.0,192433.0,39868.0,51903.0,13162.0
2016-09-30,338013.0,918669.0,1204354.0,561845.0,194817.0,40309.0,51903.0,13413.0
2016-10-07,343624.0,928390.0,1213729.0,564280.0,195937.0,40580.0,51903.0,13666.0
2016-10-20,331862.0,933090.0,1225867.0,568180.0,197776.0,41065.0,51903.0,13666.0
2016-10-31,338547.0,943266.0,1230041.0,572110.0,199965.0,41158.0,51903.0,13916.0
2016-11-10,342778.0,955726.0,1238333.0,575440.0,202397.0,41790.0,52908.0,13916.0
2016-11-18,340731.0,964984.0,1245462.0,578539.0,203735.0,41795.0,52908.0,14166.0
2016-11-30,342834.0,976534.0,1261101.0,582439.0,205639.0,42149.0,52908.0,14417.0
2016-12-09,348846.0,992556.0,1271676.0,587179.0,206786.0,43219.0,52908.0,14667.0
2016-12-20,341322.0,970448.0,1263410.0,593080.0,209650.0,44185.0,51593.0,13000.0
2016-12-30,343985.0,974947.0,1272631.0,594547.0,211078.0,44332.0,52594.0,13252.0
2017-01-10,350074.0,985156.0,1276658.0,596565.0,212058.0,44539.0,52594.0,13252.0
2017-01-20,336383.0,994821.0,1293428.0,600415.0,214252.0,44599.0,52594.0,13504.0
2017-01-31,344222.0,1003929.0,1301900.0,604447.0,215394.0,45736.0,52594.0,13755.0
2017-02-10,351829.0,1013267.0,1322417.0,608461.0,216557.0,46990.0,52594.0,14006.0
2017-02-20,344224.0,1022528.0,1327533.0,610447.0,217791.0,46990.0,52594.0,14006.0
2017-02-28,347258.0,1027015.0,1337004.0,614530.0,220203.0,47142.0,53597.0,14256.0
2017-03-10,353983.0,1035800.0,1345714.0,618958.0,222306.0,47542.0,53597.0,13984.0
2017-03-17,341434.0,1046974.0,1350357.0,623137.0,224242.0,47866.0,53597.0,13984.0
2017-03-31,347435.0,1021364.0,1347904.0,621360.0,225355.0,47871.0,51981.0,14235.0
2017-04-10,351366.0,1029739.0,1358668.0,623149.0,225988.0,48522.0,51981.0,14488.0
2017-04-20,339409.0,1043939.0,1369414.0,626995.0,228042.0,48978.0,52982.0,14488.0
2017-04-28,340358.0,1054843.0,1383595.0,631298.0,230077.0,49175.0,52982.0,14738.0
2017-05-10,341788.0,1059187.0,1388618.0,633485.0,230977.0,49324.0,52982.0,14989.0
2017-05-19,323004.0,1067072.0,1401778.0,636566.0,231793.0,49510.0,52982.0,14989.0
2017-05-31,325929.0,1075886.0,1410989.0,640945.0,233250.0,50091.0,51408.0,15239.0
2017-06-09,328098.0,1084448.0,1418902.0,647581.0,234878.0,50861.0,51408.0,15489.0
2017-06-20,312420.0,1057359.0,1414629.0,651007.0,236788.0,51943.0,52417.0,13697.0
2017-06-30,320697.0,1067165.0,1423369.0,655335.0,238788.0,52235.0,52417.0,13697.0
2017-07-10,325515.0,1073251.0,1431732.0,658711.0,239784.0,52240.0,52417.0,13948.0
2017-07-20,310129.0,1079896.0,1447203.0,662141.0,242192.0,53125.0,50980.0,14199.0
2017-07-31,312974.0,1083634.0,1452399.0,663817.0,242942.0,53752.0,50980.0,14199.0
2017-08-10,321218.0,1093513.0,1461235.0,668526.0,244788.0,54001.0,50980.0,14451.0
2017-08-18,306894.0,1097545.0,1469723.0,673191.0,246635.0,54264.0,50980.0,14702.0
2017-08-31,314381.0,1104235.0,1480202.0,678358.0,247452.0,54477.0,51982.0,14702.0
2017-09-08,315872.0,1108532.0,1492565.0,683175.0,249226.0,54897.0,51982.0,15203.0
2017-09-20,304143.0,1073299.0,1486880.0,683371.0,251133.0,54998.0,50709.0,14901.0
2017-09-29,307930.0,1080613.0,1496274.0,685706.0,251831.0,55311.0,50709.0,15151.0
2017-10-10,309632.0,1082419.0,1505246.0,689244.0,252099.0,56047.0,50709.0,15151.0
2017-10-20,300828.0,1088909.0,1516763.0,696430.0,255864.0,56062.0,51709.0,15402.0
2017-10-31,306300.0,1094931.0,1525093.0,700231.0,258086.0,56062.0,51709.0,15653.0
2017-11-10,313970.0,1105271.0,1533954.0,702327.0,259167.0,56066.0,51709.0,15906.0
2017-11-20,312982.0,1108281.0,1541911.0,704626.0,260179.0,56066.0,49989.0,15906.0
2017-11-30,320561.0,1117342.0,1546367.0,708540.0,262008.0,56278.0,49989.0,16158.0
2017-12-08,322695.0,1120464.0,1558000.0,711973.0,262235.0,56963.0,49989.0,16409.0
2017-12-20,307085.0,1089025.0,1555325.0,716148.0,264491.0,56968.0,50990.0,14064.0
2017-12-29,312126.0,1095252.0,1559492.0,720016.0,266543.0,57061.0,50990.0,14314.0
2018-01-10,314621.0,1098255.0,1567338.0,722397.0,267220.0,57289.0,50990.0,14314.0
2018-01-19,300930.0,1104599.0,1575490.0,726442.0,267778.0,58339.0,50990.0,14565.0
2018-01-31,305975.0,1110869.0,1586887.0,731355.0,268913.0,58862.0,49126.0,14817.0
2018-02-09,310851.0,1117475.0,1594543.0,736297.0,270877.0,58862.0,49126.0,15069.0
2018-02-20,298654.0,1124228.0,1603262.0,738732.0,271693.0,58862.0,49126.0,15069.0
2018-02-28,303638.0,1130965.0,1611151.0,743348.0,274021.0,58876.0,50129.0,15321.0
2018-03-09,308891.0,1141555.0,1615368.0,748601.0,275876.0,58876.0,50129.0,15574.0
2018-03-20,288100.0,1099189.0,1600976.0,750265.0,277569.0,58876.0,47592.0,15042.0
2018-03-30,291677.0,1106161.0,1609483.0,756038.0,279110.0,58876.0,47592.0,15296.0
2018-04-10,297573.0,1115932.0,1617952.0,760719.0,279737.0,58987.0,47592.0,15547.0
2018-04-20,285767.0,1125847.0,1630038.0,766976.0,280971.0,59501.0,48596.0,15547.0
2018-04-27,288260.0,1129383.0,1637310.0,772724.0,282331.0,59655.0,48596.0,15798.0
2018-05-10,291932.0,1135082.0,1647754.0,775925.0,282888.0,59851.0,48596.0,15798.0
2018-05-18,280370.0,1138479.0,1652670.0,779171.0,284313.0,60425.0,48596.0,16048.0
2018-05-31,286103.0,1148749.0,1666826.0,783319.0,285475.0,61145.0,45824.0,16301.0
2018-06-08,288685.0,1155492.0,1677678.0,785706.0,285575.0,61832.0,45824.0,16551.0
2018-06-20,273153.0,1090345.0,1656343.0,790578.0,286633.0,62536.0,46828.0,14978.0
2018-06-29,276636.0,1096365.0,1665673.0,795012.0,287302.0,63506.0,46828.0,14978.0
2018-07-10,283571.0,1105172.0,1673639.0,800102.0,288587.0,63899.0,46828.0,15230.0
2018-07-20,278162.0,1111399.0,1684992.0,804986.0,289898.0,63969.0,44657.0,15481.0
2018-07-31,282415.0,1117914.0,1710868.0,806824.0,290219.0,64249.0,44657.0,15481.0
2018-08-10,286410.0,1124813.0,1722982.0,809152.0,290573.0,64499.0,44657.0,15732.0
2018-08-20,280309.0,1131684.0,1726346.0,814123.0,291783.0,64750.0,45659.0,15732.0
2018-08-31,282782.0,1134714.0,1734565.0,817565.0,293383.0,64869.0,45659.0,15983.0
2018-09-10,286503.0,1142100.0,1742444.0,821424.0,293596.0,65261.0,45659.0,16237.0
2018-09-20,280265.0,1089324.0,1734460.0,822657.0,294442.0,65801.0,43110.0,16237.0
2018-09-28,284330.0,1096636.0,1740114.0,826644.0,294652.0,66703.0,43110.0,16489.0
2018-10-10,287318.0,1100119.0,1744636.0,828407.0,295126.0,66806.0,43110.0,16740.0
2018-10-19,282752.0,1104098.0,1755314.0,832802.0,296148.0,66851.0,44112.0,16740.0
2018-10-31,286442.0,1111543.0,1765393.0,838615.0,298514.0,66917.0,44112.0,16990.0
2018-11-09,289620.0,1115721.0,1769825.0,840463.0,299370.0,67254.0,44112.0,16990.0
2018-11-20,281214.0,1124070.0,1779280.0,844321.0,300303.0,67359.0,41097.0,17241.0
2018-11-30,283396.0,1127485.0,1784053.0,847646.0,300458.0,67843.0,41097.0,17493.0
2018-12-10,284743.0,1130664.0,1793300.0,854462.0,301529.0,68050.0,41097.0,17746.0
2018-12-20,278108.0,1081568.0,1777853.0,858431.0,301858.0,68329.0,42097.0,17997.0
2018-12-28,281204.0,1085223.0,1782586.0,862062.0,303152.0,68749.0,42097.0,17997.0
2019-01-10,284580.0,1089318.0,1789473.0,865525.0,303618.0,69107.0,42097.0,18249.0
2019-01-18,268717.0,1094170.0,1794857.0,867462.0,304346.0,69239.0,42097.0,18249.0
2019-01-31,273356.0,1103372.0,1804729.0,871446.0,305341.0,69725.0,40029.0,18501.0
2019-02-08,276282.0,1108227.0,1808552.0,873958.0,306060.0,69725.0,40029.0,18751.0
2019-02-20,268396.0,1115597.0,1818148.0,877772.0,307627.0,70029.0,41030.0,18751.0
2019-02-28,271247.0,1120167.0,1826719.0,879294.0,308484.0,70091.0,41030.0,19002.0
2019-03-08,273876.0,1124583.0,1831784.0,881124.0,309087.0,70177.0,41030.0,19255.0
2019-03-20,265398.0,1072847.0,1822650.0,871118.0,310060.0,70211.0,40043.0,19506.0
2019-03-29,268252.0,1076737.0,1828098.0,873405.0,310649.0,70281.0,40043.0,19506.0
2019-04-10,271184.0,1080681.0,1837116.0,878091.0,311713.0,70894.0,40043.0,19506.0
2019-04-19,259809.0,1084494.0,1846821.0,880373.0,312984.0,70932.0,41046.0,20009.0
2019-04-26,264956.0,1092867.0,1847823.0,882936.0,314172.0,71707.0,41046.0,20009.0
2019-05-10,267891.0,1097465.0,1856478.0,885954.0,314506.0,71818.0,41046.0,20009.0
2019-05-20,255724.0,1101707.0,1861256.0,887776.0,315059.0,71818.0,39929.0,20262.0
2019-05-31,259524.0,1111397.0,1867622.0,889783.0,315546.0,71824.0,39929.0,20516.0
2019-06-10,262409.0,1115701.0,1877296.0,893056.0,317379.0,71887.0,39929.0,20516.0
2019-06-20,252203.0,1067545.0,1857017.0,895130.0,317890.0,71997.0,40934.0,20767.0
2019-06-28,258772.0,1074403.0,1861936.0,896608.0,317890.0,71997.0,40934.0,21017.0
2019-07-10,262653.0,1077818.0,1871176.0,901244.0,319014.0,72047.0,40934.0,21267.0
2019-07-19,246799.0,1083042.0,1876311.0,902940.0,319651.0,72109.0,40934.0,21267.0
2019-07-31,249605.0,1088192.0,1881036.0,904816.0,320109.0,72224.0,38203.0,21517.0
2019-08-09,253076.0,1091509.0,1890972.0,907159.0,320598.0,72624.0,39206.0,21768.0
2019-08-20,245868.0,1098795.0,1896151.0,908915.0,321083.0,72634.0,39206.0,21768.0
2019-08-30,248820.0,1103117.0,1899685.0,911821.0,321446.0,72672.0,39206.0,22019.0
2019-09-10,253289.0,1112730.0,1909449.0,913593.0,321579.0,72963.0,39206.0,22270.0
2019-09-20,242333.0,1066071.0,1890648.0,908298.0,321981.0,72963.0,36981.0,22270.0
2019-09-30,245620.0,1069928.0,1897656.0,910262.0,322487.0,73264.0,36981.0,22521.0
2019-10-10,250158.0,1076623.0,1904380.0,912502.0,322906.0,73370.0,36981.0,22771.0
2019-10-18,238223.0,1080237.0,1907345.0,913124.0,322906.0,73370.0,37982.0,22771.0
2019-10-31,244405.0,1088170.0,1915081.0,916376.0,323362.0,73577.0,37982.0,23022.0
2019-11-08,248146.0,1091777.0,1917973.0,917964.0,323962.0,73577.0,37982.0,23323.0
2019-11-20,245338.0,1099161.0,1925656.0,919164.0,324410.0,73685.0,34496.0,23323.0
2019-11-29,247902.0,1102306.0,1930224.0,920979.0,325096.0,73831.0,34496.0,23626.0
2019-12-10,254180.0,1109654.0,1934035.0,924714.0,325769.0,73831.0,35497.0,23930.0
2019-12-20,243547.0,1044594.0,1911165.0,927077.0,325769.0,73831.0,35497.0,24232.0
2019-12-30,243797.0,1044594.0,1914278.0,928643.0,326057.0,73924.0,35497.0,24232.0
2020-01-10,247230.0,1048114.0,1914896.0,929664.0,326310.0,73997.0,35497.0,24232.0
2020-01-20,235102.0,1051734.0,1918428.0,934239.0,326639.0,73997.0,33459.0,24534.0
2020-01-31,242295.0,1057747.0,1925573.0,937857.0,327231.0,73999.0,33459.0,24835.0
2020-02-10,245164.0,1059265.0,1929896.0,940262.0,327231.0,73999.0,33459.0,25136.0
2020-02-20,239858.0,1062370.0,1935271.0,942003.0,327659.0,74021.0,34465.0,25136.0
2020-02-28,244866.0,1068469.0,1943329.0,946029.0,328462.0,74265.0,34465.0,25437.0
2020-03-10,251262.0,1073203.0,1950943.0,947627.0,328802.0,74303.0,34465.0,25437.0
2020-03-19,241293.0,1077402.0,1959470.0,950137.0,328802.0,74303.0,34465.0,26240.0
2020-03-31,245975.0,1025288.0,1941547.0,942713.0,329156.0,74396.0,31799.0,26240.0
2020-04-10,250410.0,1028474.0,1947554.0,949764.0,329800.0,74396.0,32802.0,26543.0
2020-04-20,249268.0,1034654.0,1951431.0,951157.0,329800.0,74396.0,32802.0,26543.0
2020-04-30,251763.0,1040194.0,1958242.0,954518.0,330262.0,74457.0,32802.0,26843.0
2020-05-08,253954.0,1041126.0,1962146.0,955387.0,330282.0,74457.0,32802.0,26843.0
2020-05-20,249021.0,1048899.0,1970187.0,957736.0,331196.0,74458.0,29393.0,27145.0
2020-05-29,255699.0,1056009.0,1974061.0,958389.0,331203.0,74458.0,29393.0,27448.0
2020-06-10,255976.0,1066201.0,1980996.0,961822.0,331696.0,74723.0,30398.0,27749.0
2020-06-19,263336.0,1072021.0,1989156.0,962511.0,331945.0,74778.0,30398.0,28050.0
2020-06-30,269450.0,1015485.0,1955764.0,959004.0,332401.0,74778.0,30398.0,28050.0
2020-07-10,262671.0,1028441.0,1961956.0,960291.0,332573.0,74778.0,30398.0,28050.0
2020-07-20,267186.0,1034701.0,1970801.0,961005.0,332859.0,74797.0,28347.0,28350.0
2020-07-31,273659.0,1043560.0,1974701.0,963463.0,333022.0,74797.0,28347.0,28651.0
2020-08-07,260436.0,1049828.0,1978372.0,965433.0,333314.0,74870.0,29349.0,28956.0
2020-08-20,264248.0,1061622.0,1989027.0,968215.0,333314.0,74870.0,29349.0,28956.0
2020-08-31,269046.0,1071428.0,1997967.0,969954.0,334526.0,75023.0,29349.0,29257.0
2020-09-10,264030.0,1084962.0,2002847.0,971982.0,334890.0,75023.0,29349.0,29257.0
2020-09-18,271657.0,1091982.0,2011420.0,973208.0,335488.0,75023.0,29349.0,29557.0
2020-09-30,279205.0,1034317.0,1984080.0,969445.0,335729.0,75086.0,27302.0,29860.0
2020-10-09,267707.0,1044400.0,1989535.0,971533.0,335739.0,75086.0,27803.0,29860.0
2020-10-20,275902.0,1047967.0,1997099.0,973533.0,335923.0,75203.0,27803.0,30161.0
2020-10-30,283727.0,1055019.0,1999491.0,976836.0,336452.0,75241.0,27803.0,30462.0
2020-11-10,276577.0,1062814.0,2008023.0,979864.0,337614.0,75291.0,27803.0,30462.0
2020-11-20,286573.0,1071223.0,2015446.0,980868.0,337614.0,75291.0,24742.0,30763.0
2020-11-30,295458.0,1075466.0,2024754.0,982151.0,337727.0,75291.0,24742.0,31064.0
2020-12-10,288393.0,1083806.0,2032270.0,984217.0,338757.0,75361.0,25242.0,31064.0
2020-12-18,294617.0,1092093.0,2044997.0,985099.0,338967.0,75361.0,25242.0,31364.0
2020-12-30,298173.0,1037662.0,2032706.0,972504.0,339269.0,75361.0,25242.0,31664.0
2021-01-08,289034.0,1042078.0,2037628.0,973317.0,339333.0,75361.0,25242.0,31664.0
2021-01-20,293099.0,1047044.0,2041373.0,976102.0,339634.0,75418.0,21321.0,31965.0
2021-01-29,305548.0,1055725.0,2050135.0,978667.0,339724.0,75418.0,21321.0,32266.0
2021-02-10,294669.0,1066784.0,2060985.0,983440.0,340564.0,75424.0,21321.0,32266.0
2021-02-19,296925.0,1070488.0,2065274.0,985113.0,340564.0,75424.0,21321.0,32567.0
2021-02-26,304717.0,1078077.0,2071781.0,989212.0,340901.0,75424.0,21821.0,32870.0
2021-03-10,295131.0,1085391.0,2074860.0,990883.0,340901.0,75424.0,21821.0,32870.0
2021-03-19,302377.0,1088963.0,2082689.0,994254.0,341462.0,75480.0,21821.0,32870.0
2021-03-31,309677.0,1020047.0,2063189.0,978381.0,341520.0,75480.0,18724.0,33471.0
2021-04-09,297717.0,1027714.0,2067112.0,983325.0,342522.0,75480.0,18724.0,34071.0
2021-04-20,301978.0,1036228.0,2071917.0,984020.0,342974.0,75530.0,18724.0,34071.0
2021-04-30,311066.0,1040750.0,2080315.0,985043.0,342974.0,75530.0,19025.0,34071.0
2021-05-10,296815.0,1040750.0,2083787.0,987436.0,343623.0,75530.0,19025.0,34071.0
2021-05-20,306200.0,1049258.0,2087653.0,988712.0,343623.0,75530.0,16574.0,34071.0
2021-05-31,314990.0,1058138.0,2096396.0,991325.0,344122.0,75554.0,16574.0,34671.0
2021-06-10,308280.0,1068124.0,2101712.0,992835.0,345382.0,75554.0,16574.0,35274.0
2021-06-18,313031.0,1071693.0,2106293.0,993704.0,345383.0,75554.0,16574.0,35274.0
2021-06-30,318673.0,1010402.0,2076630.0,993536.0,345842.0,75598.0,16574.0,35274.0
2021-07-09,318237.0,1014007.0,2080488.0,996262.0,346091.0,75598.0,16874.0,35274.0
2021-07-20,322606.0,1018455.0,2084761.0,996433.0,346578.0,75616.0,14352.0,35274.0
2021-07-30,328533.0,1027248.0,2092858.0,997149.0,346578.0,75616.0,14352.0,35874.0
2021-08-10,323246.0,1031553.0,2092978.0,998602.0,346792.0,75616.0,14352.0,35874.0
2021-08-20,332180.0,1039874.0,2101884.0,998982.0,346802.0,75616.0,14352.0,36476.0
2021-08-31,337296.0,1044327.0,2109544.0,1000739.0,347355.0,75616.0,14352.0,36476.0
2021-09-10,339625.0,1049641.0,2114517.0,1002542.0,347472.0,75616.0,14352.0,36476.0
2021-09-17,344008.0,1054039.0,2118335.0,1003212.0,347472.0,75616.0,14352.0,36476.0
2021-09-30,348258.0,996072.0,2102280.0,1001151.0,347979.0,75616.0,12465.0,37076.0
2021-10-08,343514.0,1000463.0,2102338.0,1002425.0,348283.0,75616.0,12465.0,37076.0
2021-10-20,352396.0,1004940.0,2110120.0,1004823.0,348283.0,75616.0,12765.0,37076.0
2021-10-29,356832.0,1013960.0,2117858.0,1005667.0,348785.0,75616.0,12765.0,37679.0
2021-11-10,353231.0,1018443.0,2117882.0,1006623.0,349492.0,75616.0,12765.0,37679.0
2021-11-19,361801.0,1022835.0,2125799.0,1007780.0,349996.0,75616.0,12765.0,37679.0
2021-11-30,366301.0,1031719.0,2134528.0,1009195.0,349996.0,75616.0,10549.0,38280.0
2021-12-10,364253.0,1035590.0,2139895.0,1011473.0,350264.0,75616.0,10549.0,38280.0
2021-12-20,368683.0,969684.0,2113144.0,1004878.0,350728.0,75659.0,10549.0,38280.0
2021-12-30,373185.0,978500.0,2120555.0,1006168.0,350738.0,75659.0,10549.0,38880.0
2022-01-07,362921.0,983003.0,2120555.0,1007653.0,350777.0,75659.0,10549.0,38880.0
2022-01-20,372157.0,987772.0,2129435.0,1008305.0,351267.0,75674.0,10549.0,38880.0
2022-01-31,376551.0,996443.0,2137308.0,1009372.0,351306.0,75674.0,10849.0,39480.0
2022-02-10,371664.0,1005656.0,2142318.0,1010805.0,351714.0,75674.0,10849.0,39480.0
2022-02-18,376014.0,1005744.0,2145423.0,1012022.0,352224.0,75674.0,10849.0,39480.0
2022-02-28,379684.0,1014766.0,2153399.0,1013380.0,352224.0,75674.0,8844.0,40081.0
2022-03-10,380011.0,1019433.0,2158848.0,1015784.0,352818.0,75674.0,8844.0,40081.0
2022-03-18,383873.0,1023890.0,2163096.0,1016488.0,353252.0,75742.0,8844.0,40081.0
2022-03-31,388169.0,967576.0,2151716.0,1016115.0,354775.0,75881.0,8844.0,40681.0
2022-04-08,377163.0,972293.0,2152444.0,1017843.0,354999.0,75881.0,8844.0,40681.0
2022-04-20,386222.0,976561.0,2162598.0,1018638.0,355442.0,75941.0,9144.0,40681.0
2022-04-28,390530.0,985623.0,2194126.0,1021658.0,356193.0,75976.0,9144.0,41282.0
2022-05-10,384540.0,990414.0,2199977.0,1023283.0,356474.0,75976.0,9144.0,41282.0
2022-05-20,391906.0,992679.0,2211647.0,1026254.0,356990.0,75976.0,7153.0,41282.0
2022-05-31,396330.0,1000791.0,2220145.0,1030654.0,357487.0,76101.0,7153.0,41882.0
2022-06-10,389874.0,1010783.0,2227532.0,1033510.0,358061.0,76101.0,7153.0,41882.0
2022-06-20,395854.0,949851.0,2285779.0,1032203.0,360222.0,76196.0,7153.0,41882.0
2022-06-30,400492.0,951658.0,2296892.0,1036004.0,361471.0,76246.0,7153.0,42483.0
2022-07-08,389213.0,954041.0,2297975.0,1038018.0,361626.0,76246.0,7153.0,42483.0
2022-07-20,397176.0,956925.0,2308470.0,1040897.0,361986.0,76392.0,7453.0,42483.0
2022-07-29,401298.0,959776.0,2315492.0,1042621.0,362034.0,76392.0,7453.0,42483.0
2022-08-10,393542.0,967084.0,2322904.0,1045736.0,362538.0,76392.0,7453.0,43084.0
2022-08-19,402690.0,967697.0,2336950.0,1046199.0,363006.0,76427.0,7453.0,43084.0
2022-08-31,407321.0,970213.0,2343107.0,1047416.0,363006.0,76427.0,4298.0,43084.0
2022-09-09,389986.0,983356.0,2357720.0,1050499.0,363938.0,76427.0,4298.0,43685.0
2022-09-20,394216.0,924816.0,2350721.0,1044693.0,364431.0,76436.0,4298.0,43685.0
2022-09-30,395330.0,933060.0,2395689.0,1048179.0,364918.0,76436.0,4298.0,43685.0
2022-10-07,376348.0,944044.0,2404333.0,1050079.0,365494.0,76468.0,4298.0,44285.0
2022-10-20,380346.0,950544.0,2422793.0,1053051.0,367358.0,76567.0,4598.0,44285.0
2022-10-31,385303.0,957941.0,2466712.0,1058860.0,371063.0,76951.0,4598.0,44887.0
2022-11-10,366067.0,968722.0,2473726.0,1063890.0,372165.0,77149.0,4598.0,44887.0
2022-11-18,368240.0,968822.0,2480594.0,1065016.0,372894.0,77424.0,4598.0,45487.0
2022-11-30,369000.0,976847.0,2494299.0,1072867.0,374429.0,77424.0,1428.0,45487.0
2022-12-09,348332.0,983629.0,2526107.0,1075213.0,375417.0,78104.0,1428.0,45487.0
2022-12-20,352683.0,929090.0,2536535.0,1065619.0,377155.0,78256.0,1428.0,45487.0
2022-12-30,356310.0,955207.0,2560022.0,1074468.0,379586.0,78784.0,1428.0,46087.0
2023-01-10,339599.0,962488.0,2574186.0,1081813.0,381704.0,78784.0,1428.0,46087.0
2023-01-20,345540.0,974711.0,2675581.0,1099495.0,385341.0,79470.0,1728.0,46087.0
2023-01-31,351104.0,991268.0,2680447.0,1113705.0,388876.0,81738.0,1728.0,46688.0
2023-02-10,332123.0,1001654.0,2683162.0,1119523.0,392589.0,82035.0,1728.0,46688.0
2023-02-20,335861.0,1002124.0,2687096.0,1123577.0,394066.0,83314.0,1728.0,46688.0
2023-02-28,339092.0,1012662.0,2701566.0,1130243.0,396239.0,83748.0,1728.0,47289.0
2023-03-10,334748.0,1023929.0,2734232.0,1137843.0,398398.0,83945.0,1728.0,47289.0
2023-03-20,338644.0,959292.0,2683644.0,1128563.0,398853.0,84042.0,1728.0,47289.0
2023-03-31,342150.0,963988.0,2690074.0,1133131.0,401385.0,84074.0,1728.0,47890.0
2023-04-10,320132.0,969021.0,2689792.0,1134467.0,402954.0,84233.0,1728.0,47890.0
2023-04-20,327877.0,974083.0,2701522.0,1137402.0,406124.0,85142.0,2028.0,47890.0
2023-04-28,331778.0,983474.0,2714409.0,1142385.0,408535.0,85356.0,2028.0,48490.0
